cds_code,school,district,enroll_total,pounds_0.25,pounds_1
08618206005458,Smith River Elementary,Del Norte County Unified,245,23792.78315211244,230292.02531445512
56725465634761,Rio Mesa High,Oxnard Union High,2333,36978.03498166899,177551.62761000515
24656986025472,Merquin Elementary,Hilmar Unified,122,9380.366607849664,170627.82083354334
42691206045975,Arellanes (Don Juan Bautista) Elementary,Santa Maria-Bonita,285,4861.1504720279045,166511.73886603006
42691206119820,Arellanes Junior High,Santa Maria-Bonita,563,4861.1504720279045,166511.73886603006
27661916102925,Gavilan View Middle,Santa Rita Union Elementary,645,23219.408681766425,156572.8020414843
27738252730034,North Monterey County High,North Monterey County Unified,1255,19154.93748312106,151982.56985028353
27661910122911,Bolsa Knolls Middle,Santa Rita Union Elementary,617,4370.695358270274,148825.0896135765
56105615630223,Providence,Ventura County Office of Education,41,18788.44765196622,143756.22188820943
27661916026652,La Joya Elementary,Santa Rita Union Elementary,527,938.4495803857658,136828.82781574538
50757396053169,Cunningham Elementary,Turlock Unified,586,6211.085692790205,135254.91157592807
27661590136697,Rancho San Juan High,Salinas Union High,1615,1032.0013316195982,130676.24777255527
56725386100333,Lemonwood Elementary,Oxnard,854,2766.5299088443426,123476.09428233276
15637686010037,Semitropic Elementary,Semitropic Elementary,162,12717.788552092694,122686.10559586347
50711750121129,Joseph A. Gregori High,Modesto City High,2288,14890.516067287306,113795.74880760054
42693100102285,Pioneer Valley High,Santa Maria Joint Union High,3156,6228.407035853851,110614.00068366433
42691206045272,Bonita Elementary,Santa Maria-Bonita,542,11875.892935622953,108775.4747643152
24753666025407,El Capitan Elementary,Delhi Unified,348,8875.734864907328,107843.97813487785
44697996108138,Ohlone Elementary,Pajaro Valley Unified,402,10016.234934859976,105433.42844943445
56725616055511,Rio Plaza Elementary,Rio Elementary,513,2131.4999017896093,105216.70916980406
56725386055370,Rose Avenue Elementary,Oxnard,478,3130.779890584756,102057.47722014648
27661916026660,Santa Rita Elementary,Santa Rita Union Elementary,576,,100382.5161834025
52715636053557,Lassen View Elementary,Lassen View Union Elementary,357,9405.357871504133,99136.31529668262
44697996049753,Pajaro Middle,Pajaro Valley Unified,439,6363.460023736054,98640.89384954511
56725120118265,Ocean View Early Education,Ocean View,,3510.623026556194,96578.1312784069
56725126055172,Mar Vista Elementary,Ocean View,464,3510.623026556194,96578.1312784069
56725126084891,Ocean View Junior High,Ocean View,754,3510.623026556194,96578.1312784069
24102496068498,Floyd A. Schelby,Merced County Office of Education,65,9818.842193598332,93588.58197962995
24102492430171,Valley Atwater Community,Merced County Office of Education,10,9872.782791165986,93109.62221278899
39686506109284,Colony Oak Elementary,Ripon Unified,473,14222.1537606734,92383.85177837976
50710926052542,Hart-Ransom Elementary,Hart-Ransom Union Elementary,759,9569.442595704579,91388.36947917985
24737266025803,Washington Elementary,Merced River Union Elementary,237,11077.919264632408,91234.73392180684
39685770118307,Pride Continuation,Linden Unified,44,6737.924783756121,90082.75103402422
27661592730166,Everett Alvarez High,Salinas Union High,2113,7040.738956554173,88580.29203422353
50736016025712,Bonita Elementary,Newman-Crows Landing Unified,141,11545.581579705877,86559.37195443005
50712660124768,Great Valley Academy - Salida,Salida Union Elementary,811,7915.33484593533,85678.89358298756
40687590110486,Lange (Dorothea) Elementary,Lucia Mar Unified,548,2333.297893774524,84773.49792229076
24753660131862,Delhi Middle,Delhi Unified,378,6496.220759365174,80981.12009964985
24753662430114,Delhi High,Delhi Unified,779,6496.220759365174,80981.12009964985
39686500108035,Park View Elementary,Ripon Unified,452,1000.8393182158045,79742.61706910377
50757395036884,Roselawn High,Turlock Unified,204,6589.044063851143,79500.22074302769
50712826053078,Stanislaus Elementary,Stanislaus Union Elementary,323,11169.35694951367,78566.81486719215
56725610112631,Rio Del Mar,Rio Elementary,383,1028.4921910107896,76531.29428075781
50710436052468,Westport Elementary,Ceres Unified,390,6112.363258854692,75780.82691681475
54722236054449,Traver Elementary,Traver Joint Elementary,217,2365.1659499999746,71039.97534743241
50711346119002,Barbara Spratling Middle,Keyes Union,225,1223.682130088731,70145.33490587109
24656316113161,Peggy Heller Elementary,Atwater Elementary,728,15190.944415666881,69285.59220272211
10739656005789,Biola-Pershing Elementary,Central Unified,199,1444.920111889707,69275.73375179394
27659610127456,Monte Bella Elementary,Alisal Union,835,1952.479389234519,68716.5208131183
56725380119412,Juan Lagunas Soria Elementary,Oxnard,929,,68235.23571785704
24753666025415,Schendel Elementary,Delhi Unified,403,,67413.02407874957
44697996117253,Ann Soldo Elementary,Pajaro Valley Unified,392,2170.084704408066,67233.3719063672
37684520118430,Mission Vista High,Vista Unified,1658,2139.652400883247,66790.5528980466
51714230132977,Sutter Peak Charter Academy,Nuestro Elementary,538,5590.02982373789,66628.23030794684
51714236053318,Nuestro Elementary,Nuestro Elementary,185,5590.02982373789,66628.23030794684
33736766032361,Oasis Elementary,Coachella Valley Unified,515,3612.0371866588903,65074.41335056259
24657636025589,McSwain Elementary,McSwain Union Elementary,832,4145.885504825046,62706.338047553894
56725465634548,Oxnard High,Oxnard Union High,2805,3345.9370185849784,61691.31371363361
50710430129106,Patricia Kay Beaver Elementary,Ceres Unified,607,6878.23213832349,61240.00038922776
24656496025381,Ballico-Cressey Community Charter,Ballico-Cressey Elementary,316,2566.0796847258175,61022.2887556933
27659616109466,John E. Steinbeck Elementary,Alisal Union,553,,60661.82673892034
10624306007322,Terry Elementary,Selma Unified,194,4668.537699524204,60503.0894548932
40687596043012,Branch Elementary,Lucia Mar Unified,244,3143.844231911386,60077.64263800182
39685026041834,Van Allen Elementary,Escalon Unified,307,4719.690032396141,59966.029367026844
10622656006837,Riverview Elementary,Kings Canyon Joint Unified,434,4841.022940650548,59419.56524791445
24656982430080,Irwin High (Continuation),Hilmar Unified,36,5117.274520131891,59259.07759883967
24656982430106,Colony Basic Skills Alternative High,Hilmar Unified,2,5117.274520131891,59259.07759883967
24656982432409,Hilmar High,Hilmar Unified,687,5117.274520131891,59259.07759883967
24656986025464,Elim Elementary,Hilmar Unified,962,5117.274520131891,59259.07759883967
24656986109458,Hilmar Middle,Hilmar Unified,517,5117.274520131891,59259.07759883967
15636106009732,Maple Elementary,Maple Elementary,288,5902.596832027371,57596.607323145785
10623806007074,Raisin City Elementary,Raisin City Elementary,275,5284.763215104581,57395.990021461854
39685933935111,Calla High,Manteca Unified,145,3066.138877031221,56636.29111991227
56725616055495,Rio del Valle Middle,Rio Elementary,709,,55730.65272104428
24658700111294,Winfield Elementary,Winton,451,3470.0196361056014,55288.50137975833
56725460136804,Oxnard Middle College High,Oxnard Union High,158,,54900.2113220524
20652430123620,Mountain Vista High,Madera Unified,158,5457.59212742523,54527.734932097585
20652430129544,Eastin Arcola,Madera Unified,211,5457.59212742523,54527.734932097585
50757396053193,Wakefield Elementary,Turlock Unified,695,,54488.70684390849
24656310126771,Bellevue Senior Elementary,Atwater Elementary,166,361.5356681557539,54262.192813308015
24656316025324,Bellevue Elementary,Atwater Elementary,697,361.5356681557539,54262.192813308015
27659616025985,Bardin Elementary,Alisal Union,626,13839.889576771931,54199.36515966085
50710506052492,Mountain View Middle,Chatom Union,186,5482.048228136479,54141.226703892695
39685776041990,Waterloo Elementary,Linden Unified,337,899.0062103432487,54055.717510940725
56725126055180,Tierra Vista Elementary,Ocean View,540,1490.1458191351412,53494.13777556606
56725386110738,Emilie Ritchen Elementary,Oxnard,491,,53434.23311845503
42691200139824,Bill Libbon Elementary,Santa Maria-Bonita,662,0.7381244510996557,53168.25988613719
56725610113977,Rio Vista Middle,Rio Elementary,611,,52962.057990090936
39685936042360,New Haven Elementary,Manteca Unified,489,6456.49920459765,52903.375376678385
42691200102863,Liberty Elementary,Santa Maria-Bonita,884,,52793.52223439517
24658706025837,Sybil N. Crookham Elementary,Winton,396,,52652.534677369695
27659616115232,Creekside Elementary,Alisal Union,571,,51792.267791047045
42691126045264,Benjamin Foxen Elementary,Blochman Union Elementary,177,6876.21191575856,51665.06296869712
44697994437901,Watsonville High,Pajaro Valley Unified,2396,164.9186089772713,51434.094304116676
44697996112841,Lakeview Middle,Pajaro Valley Unified,479,3457.6366053120614,51044.74325775135
10767786005748,American Union Elementary,Washington Unified,308,6859.2354115034495,50992.13691158539
24658706109425,Winton Middle,Winton,613,6198.761379419875,50582.97709404521
50755490116848,Valley Community Day,Hughson Unified,17,1758.6178069403059,50580.34607064171
50755495032651,Hughson High,Hughson Unified,803,1758.6178069403059,50580.34607064171
10623640126870,San Joaquin Valley High,Parlier Unified,51,1406.6608300507814,50432.25203915061
10623641034990,Parlier High,Parlier Unified,975,1406.6608300507814,50432.25203915061
10623646007033,Mathew J Brletic Elementary,Parlier Unified,412,1406.6608300507814,50432.25203915061
50755496052575,Hughson Elementary,Hughson Unified,537,528.0366477350282,49744.11408722703
27738252730125,North Monterey County Center for Independent Study,North Monterey County Unified,270,269.9073133375157,49645.50393546437
27738252730141,Central Bay High (Continuation),North Monterey County Unified,48,269.9073133375157,49645.50393546437
24658706025829,Frank Sparkes Elementary,Winton,414,4196.841331519533,49108.99846762506
54721736054399,Sundale Elementary,Sundale Union Elementary,793,4010.1683550579237,48031.97250362861
24657892433605,Livingston High,Merced Union High,1206,1782.6368355617483,47475.357649061116
24657892430601,Atwater High,Merced Union High,2012,2077.1864958498586,47015.99715238352
44697996049712,Hall District Elementary,Pajaro Valley Unified,496,5053.919772209939,46614.527154851596
20652430131086,Ripperdan Community Day,Madera Unified,35,3507.4248850667423,45806.195467028636
20652436024012,La Vina Elementary,Madera Unified,211,5278.164150218588,45515.81736793868
52715716053581,Vina Elementary,Los Molinos Unified,81,,44830.86355423072
39685850125369,Turner Academy at Tokay Colony,Lodi Unified,20,1575.2362987466115,44625.047090932865
50755490101030,Fox Road Elementary,Hughson Unified,259,0.5354759411933082,44611.40820057455
50755496052567,Emilie J. Ross Middle,Hughson Unified,430,0.5354759411933082,44611.40820057455
24753660105817,Harmony Elementary,Delhi Unified,531,1426.2157811944137,44558.525066633316
27660766026140,Lagunita Elementary,Lagunita Elementary,94,8198.698462057166,44197.86739769178
50712090112383,Paradise Charter,Paradise Elementary,109,3613.4533257386047,43391.83794785833
50712096052914,Paradise Elementary,Paradise Elementary,83,3613.4533257386047,43391.83794785833
50755495032669,Dickens (Billy Joe) High (Continuation),Hughson Unified,42,,42903.18353725433
10623646007041,John C Martinez Elementary,Parlier Unified,441,1017.1655499327954,42751.6882108861
44697996049803,T. S. MacQuiddy Elementary,Pajaro Valley Unified,494,5322.042887944213,42540.328425227366
42691206046049,Oakley (Calvin C.) Elementary,Santa Maria-Bonita,844,1659.939173178695,42441.15856054236
27738256026421,North Monterey County Middle,North Monterey County Unified,647,468.8814690493949,42386.68138657755
34322765637780,Mary B. Perry High,California Education Authority (CEA) Headquarters,71,3125.998603550172,41786.23607076646
24656496025399,Cressey Elementary,Ballico-Cressey Elementary,46,2008.9267406548456,41466.396431491936
44697994437794,Renaissance High Continuation,Pajaro Valley Unified,90,5883.101902876474,41255.58407110452
24657892430205,Buhach Colony High,Merced Union High,1827,6310.56077775945,41124.878572609
54719696054126,Kings River Elementary,Kings River Union Elementary,380,4022.4173430467426,41045.342409264646
27661426066963,University Park Elementary,Salinas City Elementary,493,4005.38415132673,40595.3866738242
42693104234613,Ernest Righetti High,Santa Maria Joint Union High,2520,,40528.683521645806
44697996049720,Linscott Charter,Pajaro Valley Unified,253,,40430.7701914038
56725530110502,Rancho Rosal Elementary,Pleasant Valley,554,,40285.63869040641
50712176052922,Grayson Elementary,Patterson Joint Unified,270,2836.9775729389826,40060.278150321916
50710506052484,Chatom Elementary,Chatom Union,380,6019.546779054156,39897.64350416162
50710430123679,Cesar Chavez Junior High,Ceres Unified,640,,39851.14986700237
27738256026447,Prunedale Elementary,North Monterey County Unified,637,42.35713157239496,39818.52571614768
50710430110734,La Rosa Elementary,Ceres Unified,611,,39791.93861353988
39686506042485,Ripona Elementary,Ripon Unified,450,,39670.642555353035
27661592730109,Alisal High,Salinas Union High,3008,225.49737827495102,39591.3044402725
51714646053359,Barry Elementary,Yuba City Unified,550,3136.488011946429,39512.39279055124
40687596043053,Harloe Elementary,Lucia Mar Unified,587,732.5044449902203,39444.99551391579
52714726053466,Antelope Elementary,Antelope Elementary,474,349.28378060607486,39233.63295626477
27661910107391,New Republic Elementary,Santa Rita Union Elementary,564,1140.3296593058203,39026.47385790335
27738256026413,Elkhorn Elementary,North Monterey County Unified,558,3023.2336622302223,38669.0414696305
50712740121558,Shiloh Charter,Shiloh Elementary,148,1884.1737656460677,38424.42719294345
50712746053045,Shiloh Elementary,Shiloh Elementary,30,1884.1737656460677,38424.42719294345
10621096005839,Clay Elementary,Clay Joint Elementary,250,1627.6160983526663,38222.813530504776
27660276026108,Graves Elementary,Graves Elementary,35,1203.5723912021397,38166.23674530346
27661916120224,McKinnon,Santa Rita Union Elementary,377,849.0787216023393,38147.73918699035
50711346052591,Keyes Elementary,Keyes Union,496,275.3368729027811,37462.285765445675
50711346113286,Keyes to Learning Charter,Keyes Union,336,275.3368729027811,37462.285765445675
39685856098057,Victor Elementary,Lodi Unified,164,2297.968195369086,37328.63689693014
15735446010011,Rio Bravo-Greeley Elementary,Rio Bravo-Greeley Union Elementary,434,17986.061662534805,37012.33761993315
15735446117816,Rio Bravo Elementary,Rio Bravo-Greeley Union Elementary,552,17986.061662534805,37012.33761993315
39686506106322,Weston Elementary,Ripon Unified,457,258.7104340330981,36501.78123397756
50710430109074,Joel J. Hidahl Elementary,Ceres Unified,428,3604.4454030892293,36248.45724851953
24656316025316,Aileen Colburn Elementary,Atwater Elementary,416,1419.6099152291085,36204.16023489375
10623236006993,Monroe Elementary,Monroe Elementary,156,3316.306445799207,35926.862662659594
24736196103766,Gustine Middle,Gustine Unified,387,5862.11845249159,35717.51708045696
24657486025506,Campus Park Elementary,Livingston Union,446,,35555.01569087663
56725380100362,Thurgood Marshall Elementary,Oxnard,779,,35352.76756264883
39754996110530,Louis A. Bohn Elementary,Tracy Joint Unified,358,1984.5110862440513,34965.93382852066
10624146007116,Del Rey Elementary,Sanger Unified,247,1270.084095349106,34871.09315771703
40687596043095,Oceano Elementary,Lucia Mar Unified,379,20.361007638221267,34603.99072334538
06616146103576,Lloyd G. Johnson Junior High,Pierce Joint Unified,328,,34567.86418964736
10739990123596,Goldenrod Elementary,Kerman Unified,816,4276.56579008712,34170.809470489
24657716025621,Franklin Elementary,Merced City Elementary,588,4080.759334987858,34104.631700962935
10623566007025,Pacific Union Elementary,Pacific Union Elementary,349,2586.8808395291762,33980.10910613747
24657486025514,Livingston Middle,Livingston Union,796,2134.8892345770914,33877.096178978216
10623646007058,Cesar E Chavez Elementary,Parlier Unified,441,1944.6916626803827,33810.83389197417
50712666106934,Sisk Elementary,Salida Union Elementary,293,372.62723463963675,33512.29287663339
50105045030069,Stanislaus County West Campus,Stanislaus County Office of Education,55,,33463.56284916645
50105045030226,Petersen Alternative Center for Education,Stanislaus County Office of Education,109,,33463.56284916645
16639416010474,Kings River-Hardwick Elementary,Kings River-Hardwick Union Elementary,815,3603.851135918974,33363.66276129793
27661426026553,Loma Vista Elementary,Salinas City Elementary,463,,33327.49300288927
50711676107023,Alberta Martone Elementary,Modesto City Elementary,655,1955.5570519895782,32753.17849857911
39685776041966,Glenwood Elementary,Linden Unified,405,1293.3404385494885,32643.66532604172
42692290100651,Mission Valley,Lompoc Unified,100,,32472.317348819095
42692296045629,La Honda STEAM Academy,Lompoc Unified,495,,32472.317348819095
10622650116657,Silas Bartsch,Kings Canyon Joint Unified,611,8934.261962567763,32394.147783776767
42692606045736,Alice Shaw Elementary,Orcutt Union Elementary,485,,32304.57389576151
42691206109268,Ontiveros (Juan Pacifico) Elementary,Santa Maria-Bonita,850,,32126.594216940786
51713996053268,Encinal Elementary,Live Oak Unified,108,1353.0420464410674,32114.475906630807
24656316025365,Shaffer Elementary,Atwater Elementary,503,,32106.399194311052
44697996049688,E. A. Hall Middle,Pajaro Valley Unified,601,,32041.780843907865
44772480138909,Watsonville Prep,SBE - Watsonville Prep,308,,32006.906819742475
10101081030337,Alice M. Worsley,Fresno County Office of Education,120,2836.634931283783,31943.106412687077
10622656088959,Great Western Elementary,Kings Canyon Joint Unified,322,2354.6861057299075,31914.12088690878
50757395030283,John H. Pitman High,Turlock Unified,2076,137.143978465458,31780.950965579334
27659616025977,Alisal Community,Alisal Union,562,,31718.54180842584
50710436112338,Samuel Vaughn Elementary,Ceres Unified,580,,31711.437100938023
50712666113823,Dena Boer,Salida Union Elementary,461,2280.280668107312,31352.219829757334
06616140630087,Arbuckle Alternative High (Continuation),Pierce Joint Unified,13,,31148.998102660596
06616140635250,Pierce High,Pierce Joint Unified,499,,31148.998102660596
24736196025720,Gustine Elementary,Gustine Unified,530,1869.0264878738942,31084.55763402832
10739656006910,Madison Elementary,Central Unified,389,2576.7356766840935,30944.86173788628
40687596043079,Fairgrove Elementary,Lucia Mar Unified,392,1.2502418204045878,30781.285656690798
10739656006662,Houghton-Kearney Elementary,Central Unified,201,318.99389531000554,30638.93551439176
50710430108076,Central Valley High,Ceres Unified,2260,2630.769184394626,30584.80298664221
44697994430229,Pacific Coast Charter,Pajaro Valley Unified,169,339.05084876536057,30386.4320443435
42691206107007,Battles (Washington) Elementary,Santa Maria-Bonita,690,,30352.97957522598
40687594030557,Arroyo Grande High,Lucia Mar Unified,2077,9138.90181986685,30231.132814859382
44697990117804,Ceiba College Preparatory Academy,Pajaro Valley Unified,511,,30214.020656036097
15634876009534,General Shafter Elementary,General Shafter Elementary,190,3239.5278718994964,30118.9364973938
54722490116368,Mission Oak High,Tulare Joint Union High,1613,4601.518523214324,30033.410551581255
54722490133793,Accelerated Charter High,Tulare Joint Union High,173,214.88691999181077,29886.306566943116
50710840120089,Gratton Charter,Gratton Elementary,126,2821.1590640337454,29655.69248803739
50710846052534,Gratton Elementary,Gratton Elementary,16,2821.1590640337454,29655.69248803739
10621586006027,Fremont Elementary,Fowler Unified,440,459.4972402928247,29612.907906692213
39754993938008,Tracy High,Tracy Joint Unified,1803,,29350.694729015027
27659616117691,Oscar F. Loya Elementary,Alisal Union,628,1015.609994277942,29027.898128582285
24657486109649,Yamato Colony Elementary,Livingston Union,620,988.8343973445117,28925.934062155888
42691200102855,Kunst (Tommie) Junior High,Santa Maria-Bonita,992,,28732.565382073008
42691200131623,Jim√©nez Roberto and Dr. Francisco Elementary,Santa Maria-Bonita,1020,106.29792971606196,28519.952049349915
50710685030267,Denair Charter Academy,Denair Unified,182,3219.5408536014747,28431.92328667698
50710685031521,Denair High,Denair Unified,285,3219.5408536014747,28431.92328667698
50710686071575,Denair Middle,Denair Unified,232,3219.5408536014747,28431.92328667698
20651930113076,Ronald Reagan Elementary,Chowchilla Elementary,460,,27906.413874659534
20102072030054,Enterprise Secondary,Madera County Superintendent of Schools,,7453.4579136461525,27876.905692943834
20102072030153,Juvenile Hall (Endeavor/Voyager Secondary),Madera County Superintendent of Schools,17,7501.655545475223,27876.905626678912
58727366056626,Anna McKenney Intermediate,Marysville Joint Unified,553,,27810.181725607865
58727366056774,Kynoch Elementary,Marysville Joint Unified,697,,27810.181725607865
24656316025340,Mitchell Elementary,Atwater Elementary,543,,27576.732211424747
10755981030535,Caruthers High,Caruthers Unified,672,1178.1814838790192,27553.182326088277
10755981030543,MARC High,Caruthers Unified,14,1178.1814838790192,27553.182326088277
50712666120844,Salida Middle School - Vella Campus,Salida Union Elementary,789,,27315.46656334044
10625396007413,West Park Elementary,West Park Elementary,308,4556.011923980481,27252.25009769157
10625396112387,West Park Charter Academy,West Park Elementary,278,4556.011923980481,27252.25009769157
42692296045645,Leonora Fillmore Elementary,Lompoc Unified,525,,27249.353248103085
13101320131094,Valley Academy,Imperial County Office of Education,122,3431.5203616955496,27111.428275961393
39685936042378,Nile Garden Elementary,Manteca Unified,880,2556.750166716364,27068.30282914109
24656310101402,Atwater Senior Academy,Atwater Elementary,4,,27047.02021324262
24656316025357,Mitchell Intermediate,Atwater Elementary,730,,27047.02021324262
20652430135079,Virginia Lee Rose Elementary,Madera Unified,734,69.01266144796801,27037.72947699808
42691206046015,Fesler (Isaac) Junior High,Santa Maria-Bonita,958,,26940.464541377492
44697996049746,Mintie White Elementary,Pajaro Valley Unified,518,,26624.60516359843
50757390108175,Sandra Tovar Medeiros Elementary,Turlock Unified,764,1065.1134049183686,26154.871065166073
56725126055164,Laguna Vista Elementary,Ocean View,402,2171.6590113911925,25780.862858439585
10621580108977,Fowler Academy Community Day (9-12),Fowler Unified,,1294.968806008132,25763.620943947866
10621580126250,Fowler Academy Community Day,Fowler Unified,,1294.968806008132,25763.620943947866
10621586006050,Marshall Elementary,Fowler Unified,446,1294.968806008132,25763.620943947866
24657710112615,Joe Stefani,Merced City Elementary,639,,25464.40291337068
56725460125674,Condor High,Oxnard Union High,486,,25416.72348873887
10623646115224,Parlier Junior High,Parlier Unified,505,,25378.618210184795
50757390114561,Walnut Elementary Education Center,Turlock Unified,856,,25094.671206307008
50105040129023,Stanislaus Alternative Charter,Stanislaus County Office of Education,646,,25009.795977728823
50712660120063,Independence Charter,Salida Union Elementary,30,,25009.795977728823
50712660133660,Mildred Perkins Elementary,Salida Union Elementary,370,,25009.3928286145
56725386055313,Fremont Academy of Environmental Science & Innovative Design,Oxnard,761,,24983.12790753736
10623640107409,S Ben Benavidez Elementary,Parlier Unified,498,940.204601778667,24549.353915838987
44697996049639,Amesti Elementary,Pajaro Valley Unified,486,1128.7053982680475,24447.663707637585
15638346010235,Vineland Elementary,Vineland Elementary,384,2817.9447587151953,24428.03262172576
39685936112197,Joshua Cowell Elementary,Manteca Unified,689,,24281.07393561949
27661426026579,Mission Park Elementary,Salinas City Elementary,592,,24246.665117905097
50710680132662,Denair Elementary Charter Academy,Denair Unified,546,576.0640770722384,23804.00503743649
50710686052500,Denair Elementary,Denair Unified,,576.0640770722384,23804.00503743649
20652436112973,Martin Luther King Jr. Middle,Madera Unified,900,154.522500634302,23606.933421874495
35675796035158,Willow Grove Elementary,Willow Grove Union Elementary,17,,23535.108857001786
56725465631742,Channel Islands High,Oxnard Union High,2923,,23482.74686140744
10624306007280,Indianola Elementary,Selma Unified,356,2636.6631945856416,23329.352763154297
10751271030493,Mendota High,Mendota Unified,1006,7515.897717955306,23146.33776
10751276006977,Mendota Junior High,Mendota Unified,560,7515.897717955306,23146.33776
10739996007371,Sun Empire Elementary,Kerman Unified,546,,22976.53590839411
54722565430012,River Bend,Visalia Unified,,,22935.230766275337
54722565430046,Golden West High,Visalia Unified,2039,,22935.230766275337
54722566092373,Valley Oak Middle,Visalia Unified,908,,22935.230766275337
54722566106249,Golden Oak Elementary,Visalia Unified,649,,22935.230766275337
10625136007405,Washington Colony Elementary,Washington Colony Elementary,464,814.0654275983538,22748.619773261853
42691206046031,Miller (Isaac) Elementary,Santa Maria-Bonita,889,,22703.820267420797
51714640113134,Riverbend Elementary,Yuba City Unified,1004,6751.156980803947,22530.421573818214
10622571033729,Oasis Continuation High,Kingsburg Joint Union High,55,822.1311594177677,22373.211777420714
27661420132407,Boronda Elementary,Salinas City Elementary,272,530.3079846901055,21980.98189720872
51714645130018,Albert Powell Continuation,Yuba City Unified,90,46.78894043349165,21964.73876972701
39685856042170,Live Oak Elementary,Lodi Unified,283,1007.6125222019032,21949.538356487392
44104470136572,Santa Cruz County Career Advancement Charter,Santa Cruz County Office of Education,119,79.55592933584916,21827.95715169638
10622400113142,Ronald W. Reagan Elementary,Kingsburg Elementary Charter,622,364.1806892440457,21816.63488870131
54722560110940,Cottonwood Creek Elementary,Visalia Unified,639,2757.8076978357276,21697.01677150375
50711006052559,Hickman Elementary,Hickman Community Charter,290,1446.1884809317173,20992.257119153266
50711006112627,Hickman Charter,Hickman Community Charter,608,1446.1884809317173,20992.257119153266
50711006116388,Hickman Middle,Hickman Community Charter,158,1446.1884809317173,20992.257119153266
39686503935756,Ripon High,Ripon Unified,1037,,20518.056975328385
39685026070957,El Portal Middle,Escalon Unified,571,1450.665003767904,20492.4999585742
52715486053532,Gerber Elementary,Gerber Union Elementary,409,2449.827223440811,20428.464396574327
56725386055289,Elm Street Elementary,Oxnard,503,,20341.76263048578
54722310127621,Alpine Vista,Tulare City,1394,,20301.896312622575
54105460135459,Blue Oak Academy,Tulare County Office of Education,313,2665.7752297212633,20275.60374515642
56725536120620,University Preparation Charter School at CSU Channel Islands,Pleasant Valley,685,,20111.70115135667
50710430107128,Whitmore Charter School of Art & Technology,Ceres Unified,419,,19999.602370433782
50710430107136,Whitmore Charter High,Ceres Unified,112,,19999.602370433782
27660350136796,Arroyo Seco Academy,Greenfield Union Elementary,637,629.629732881614,19998.457220415276
56725616118061,Rio Rosales,Rio Elementary,462,,19996.18302575987
42692606045744,Ralph Dunlap Elementary,Orcutt Union Elementary,469,,19968.835374977596
44104474430252,Pacific Collegiate Charter,Santa Cruz County Office of Education,556,,19909.133338054977
10621581032150,Fowler High,Fowler Unified,828,46.77292962511632,19847.783211386806
39686506042477,Ripon Elementary,Ripon Unified,453,,19824.06292884144
10621581031954,Fowler Academy Continuation,Fowler Unified,18,529.5111179323192,19743.60156253862
10622571033695,Kingsburg High,Kingsburg Joint Union High,1087,,19727.398001438123
10767781038306,Washington High,Washington Unified,1252,624.3645105948017,19664.783611449755
15637196009963,Pond Elementary,Pond Union Elementary,178,1807.1962553288286,19288.745925201907
44697996049670,Calabasas Elementary,Pajaro Valley Unified,572,235.76036705032254,19138.978593079595
54719856054134,Liberty Elementary,Liberty Elementary,749,,19091.73558108132
10624146007173,Lone Star Elementary,Sanger Unified,569,2831.099353442999,19077.858117071755
04614996003198,Manzanita Elementary,Manzanita Elementary,291,1455.3289032799535,18925.6959396854
44697996049829,Alianza Charter,Pajaro Valley Unified,664,1903.502328314065,18704.988121657123
44697996119077,Watsonville Charter School of the Arts,Pajaro Valley Unified,393,1903.502328314065,18704.988121657123
54721816054407,Sunnyside Elementary,Sunnyside Union Elementary,344,2022.0396607801747,18604.625552298698
54755316053961,Grand View Elementary,Dinuba Unified,335,636.7731101752487,18582.37664018368
24657486025522,Selma Herndon Elementary,Livingston Union,628,,18505.680089948233
10767780108993,Easton Community Day,Washington Unified,,5.275498683838795,18394.061551601437
10767780122473,Elm High,Washington Unified,32,5.275498683838795,18394.061551601437
10767781038298,Easton Continuation High,Washington Unified,23,5.275498683838795,18394.061551601437
50105045030085,Stanislaus Military Academy at Teel,Stanislaus County Office of Education,76,1475.819716720479,18387.733935972265
50710766052518,Empire Elementary,Empire Union Elementary,363,1475.819716720479,18387.733935972265
50711750120212,Aspire Vanguard College Preparatory Academy,Modesto City High,602,1475.819716720479,18387.733935972265
04755070433953,Gridley High,Gridley Unified,668,1267.3650493789573,18315.142062982766
42692036045512,Mary Buren Elementary,Guadalupe Union Elementary,723,148.4742870872571,18251.82320669846
56726526056105,Junipero Serra Elementary,Ventura Unified,439,47.803438984339806,18135.32415538889
51713816053250,Franklin Elementary,Franklin Elementary,476,2502.724835948249,18127.615136424745
58727360121632,Paragon Collegiate Academy,Marysville Joint Unified,202,,18068.7976147565
10621586115190,John Sutter Middle,Fowler Unified,600,,18019.582506323077
27738256026397,Castroville Elementary,North Monterey County Unified,612,411.74226397169133,17730.60981357912
50712666053037,Salida Elementary,Salida Union Elementary,288,,17728.50496008684
54753256100275,Farmersville Junior High,Farmersville Unified,392,1138.61177424186,17575.845132259456
15635291530252,Arvin High,Kern High,2893,5.120037828037229,17533.92649395728
27659616119663,Oasis Charter Public,Alisal Union,,959.0956901800241,17511.29585886648
20652436024046,Sierra Vista Elementary,Madera Unified,707,,17448.566002219948
54718370109009,Summit Charter Academy,Burton Elementary,2295,,17429.163963522813
27662256026694,Spreckels Elementary,Spreckels Union Elementary,604,,17409.350162649152
54719020101303,Earlimart Community Day,Earlimart Elementary,,0.8159824822778184,17358.590927008318
54719026054035,Earlimart Middle,Earlimart Elementary,494,0.8159824822778184,17358.590927008318
51714646067268,Butte Vista Elementary,Yuba City Unified,820,205.25428946993372,17198.93810506113
24656316025332,Elmer Wood Elementary,Atwater Elementary,548,,17150.77735656464
50712906095517,Stockard Coffee Elementary,Sylvan Union Elementary,441,,17135.78936990837
10755986005813,Caruthers Elementary,Caruthers Unified,883,1066.0831833611214,17075.9225445795
50712820105700,Mary Lou Dieterich Elementary,Stanislaus Union Elementary,557,307.43339450259344,17039.27000093819
51713656053243,Browns Elementary,Browns Elementary,122,692.4396182684084,16918.665791167758
40688096043244,Los Ranchos Elementary,San Luis Coastal Unified,393,1130.8619205952239,16852.520207167538
10622650126292,Reedley Middle College High,Kings Canyon Joint Unified,244,58.490959903192504,16850.516222921186
11626461136209,Princeton Junior-Senior High,Princeton Joint Unified,81,,16395.671796064096
10739991033430,Kerman High,Kerman Unified,1477,1176.4802670715908,16339.508936994785
10622406108328,Rafer Johnson Junior High,Kingsburg Elementary Charter,458,372.55613704818217,16227.589781194032
27661420108068,Boronda Meadows,Salinas City Elementary,634,417.1228227633299,16021.152340476025
44697996049704,H. A. Hyde Elementary,Pajaro Valley Unified,468,,15988.963380985773
56724626055057,Fred L. Williams Elementary,Hueneme Elementary,568,,15925.605676862797
15635606009708,Myrtle Avenue Elementary,Lamont Elementary,506,,15909.945175351497
27661596058770,Washington Middle,Salinas Union High,1116,,15809.259136321756
15635291530047,Nueva Continuation High,Kern High,93,,15750.811681565849
27661596110753,Harden Middle,Salinas Union High,1104,,15727.074741713139
54721086054332,Saucelito Elementary,Saucelito Elementary,77,1142.7369027494008,15723.409253924216
15638420113167,Teresa Burke Elementary,Wasco Union Elementary,535,,15554.856274226231
10619946005730,Alvina Elementary Charter,Alvina Elementary,178,2597.14547393724,15550.266402745252
56724705630363,Golden Valley Charter,Mesa Union Elementary,525,1460.94560114497,15343.298890556624
58727366056659,Cedar Lane Elementary,Marysville Joint Unified,505,665.5670212227043,15306.579696644843
54719026054027,Earlimart Elementary,Earlimart Elementary,536,,15305.054552529191
10739996006688,Kerman-Floyd Elementary,Kerman Unified,665,,15217.212138646968
58727360131599,Marysville Community Day,Marysville Joint Unified,52,104.03024632256191,15208.927846417608
58727365830138,Marysville Charter Academy for the Arts,Marysville Joint Unified,343,104.03024632256191,15208.927846417608
58727365835202,Marysville High,Marysville Joint Unified,1024,104.03024632256191,15208.927846417608
10624140123463,Sequoia Elementary,Sanger Unified,675,621.6483565271379,15055.170663614876
10622656006738,Alta Elementary,Kings Canyon Joint Unified,357,590.4407834247139,14887.28546929709
39685850111419,Woodbridge,Lodi Unified,355,,14768.483561045028
35752596049654,Aromas,Aromas - San Juan Unified,359,972.9528947196284,14710.418435486383
16639906110233,Pioneer Middle,Pioneer Union Elementary,556,321.3129515631178,14612.875575761376
10624306007256,Eric White Elementary,Selma Unified,448,355.9932316577397,14558.647582114572
50712826108302,Agnes M. Baptist Elementary,Stanislaus Union Elementary,595,,14383.433841222253
56725610137018,Rio del Sol,Rio Elementary,791,,14286.39801295678
57727025730049,Wolfskill High,Winters Joint Unified,24,,14227.722274837044
51713996053276,Live Oak Middle,Live Oak Unified,406,587.4550149033097,14133.30375804872
58727366056717,Linda Elementary,Marysville Joint Unified,601,,14046.953248276506
10622656006787,Jefferson Elementary,Kings Canyon Joint Unified,387,,13998.895469402636
56725386055321,Cesar E. Chavez Elementary,Oxnard,983,,13938.65675724675
42692606045777,Joe Nightingale Elementary,Orcutt Union Elementary,702,,13925.661602848637
51713995130059,Valley Oak Continuation High,Live Oak Unified,17,227.63834635322587,13826.012218848262
51713995130067,Live Oak Alternative,Live Oak Unified,36,227.63834635322587,13826.012218848262
39685773933959,Linden High,Linden Unified,797,439.47320875548957,13789.146688544251
56725386107551,Christa McAuliffe Elementary,Oxnard,534,,13787.24381077562
51105120138040,AeroSTEM Academy,Sutter County Office of Education,152,87.68531049961469,13772.66057797287
40687596043038,Grover Beach Elementary,Lucia Mar Unified,402,,13521.175653400085
50757396115208,Dennis G. Earl Elementary,Turlock Unified,813,,13354.502458772464
39685776041974,Linden Elementary,Linden Unified,380,822.7414711982748,13348.093368408305
54720096054167,Monson-Sultana Elementary,Monson-Sultana Joint Union Elementary,447,805.7483260538916,13331.61872383596
50710436052443,Don Pedro Elementary,Ceres Unified,480,423.9269481143504,13291.336939526256
11626466089262,Princeton Elementary,Princeton Joint Unified,69,,13280.081258981136
50757396053136,Turlock Junior High,Turlock Unified,1310,15.769374627056902,13258.23498435704
15635780107771,Sequoia Elementary,Richland Union Elementary,603,4135.9355880629255,13242.494876855839
37684526110407,Mission Meadows Elementary,Vista Unified,485,,13099.533951816356
54755316107650,Roosevelt Elementary,Dinuba Unified,619,598.3061153828515,13021.793548845757
10623316007009,Orange Center Elementary,Orange Center,275,268.14595668716527,13011.482054938795
10621586006043,Malaga Elementary,Fowler Unified,199,,12951.931951360792
39685850108217,Manlio Silva Elementary,Lodi Unified,741,,12817.0760223896
54718606118111,El Monte Middle,Cutler-Orosi Joint Unified,949,1650.0110460564126,12712.266212142391
15635526009666,Lakeside,Lakeside Union,672,1077.2571823119142,12561.679667442644
51714646053417,Lincrest Elementary,Yuba City Unified,581,,12499.11237918161
42691200102848,Sanchez (David J.) Elementary,Santa Maria-Bonita,646,4387.717227377992,12488.14038636322
39685026041792,Dent Elementary,Escalon Unified,616,,12487.94186266079
10624306007272,George Washington Elementary,Selma Unified,148,,12387.965990969173
15635291530021,Central Valley High (Continuation),Kern High,85,7431.401250000046,12373.140396472218
15635291535087,Shafter High,Kern High,1621,7431.401250000046,12373.140396472218
50711755030010,Fred C. Beyer High,Modesto City High,1633,,12346.29489697453
33736766114789,Saul Martinez Elementary,Coachella Valley Unified,980,,12297.707493551477
10622406006712,Roosevelt Elementary,Kingsburg Elementary Charter,196,,12100.746136759224
39685776042006,Waverly Elementary,Linden Unified,376,526.622681206026,12086.769917246676
51713995135256,Live Oak High,Live Oak Unified,602,,12036.693708281415
50755560118810,Mesa Verde Elementary,Riverbank Unified,470,1356.1266114946714,12013.652127803958
54755310102186,Ronald Reagan Academy,Dinuba Unified,141,,11947.833851064977
54755315431119,Sierra Vista High (Continuation),Dinuba Unified,41,,11947.833851064977
57727026056410,Shirley Rominger Intermediate,Winters Joint Unified,339,,11938.461271330603
56724706055123,Mesa Elementary,Mesa Union Elementary,566,907.4320884780227,11927.123750158546
54718605433230,Orosi High,Cutler-Orosi Joint Unified,1060,375.19887693095654,11914.168801558846
57727020138974,Waggoner Elementary,Winters Joint Unified,379,,11913.117595018855
33736766032254,Mecca Elementary,Coachella Valley Unified,702,3259.038013235344,11906.542780949032
58727440107375,Rio Del Oro Elementary,Plumas Lake Elementary,540,,11890.75891634404
50711676052682,Fairview Elementary,Modesto City Elementary,716,482.5882017871963,11882.969405952512
24656316025373,Thomas Olaeta Elementary,Atwater Elementary,519,,11731.945083917974
42691206045959,Adam (William Laird) Elementary,Santa Maria-Bonita,860,3994.83062248976,11637.394160393493
30667466030761,Eastwood Elementary,Westminster,506,,11609.960219653503
10624306111124,Abraham Lincoln Middle,Selma Unified,859,,11573.712229320749
10624146007140,Jefferson Elementary,Sanger Unified,515,,11516.927293011633
42693104236030,Santa Maria High,Santa Maria Joint Union High,3186,,11494.705215846094
04614246003081,Rosedale Elementary,Chico Unified,524,,11485.79126492382
50712826053060,Josephine Chrysler Elementary,Stanislaus Union Elementary,624,,11451.993511342027
56725386055263,Curren Elementary,Oxnard,909,,11402.093437003605
13631310135657,Dogwood Elementary,Heber Elementary,484,,11291.893954038103
56725386055362,Ramona Elementary,Oxnard,508,,11278.00674940809
27660922730240,Learning for Life Charter,Monterey Peninsula Unified,134,,11097.681016500215
27660926026249,Ione Olson Elementary,Monterey Peninsula Unified,409,,11097.681016500215
57727025738505,Winters High,Winters Joint Unified,485,,11056.055352846757
33736760100248,Las Palmitas Elementary,Coachella Valley Unified,568,1469.3487666123324,10954.52783600503
33736760100255,Desert Mirage High,Coachella Valley Unified,2101,1469.3487666123324,10954.52783600503
33736760100263,Toro Canyon Middle,Coachella Valley Unified,988,1469.3487666123324,10954.52783600503
15638420138701,James A. Forrest Elementary,Wasco Union Elementary,568,,10887.761496128564
42691206046064,Bruce (Robert) Elementary,Santa Maria-Bonita,908,,10745.498942375232
50755726053219,Waterford Junior,Waterford Unified,253,442.45383887489527,10718.609030598534
04614320433201,Durham High,Durham Unified,301,655.7515158429328,10705.233511914734
04614326003115,Durham Elementary,Durham Unified,439,655.7515158429328,10705.233511914734
04614326105761,Durham Intermediate,Durham Unified,242,655.7515158429328,10705.233511914734
54753255430277,Deep Creek Academy,Farmersville Unified,57,46.86299548470703,10682.379108260608
54753256054076,George L. Snowden Elementary,Farmersville Unified,379,46.86299548470703,10682.379108260608
15633136110464,Bear Mountain Elementary,Arvin Union,751,925.1258495030123,10677.783361349017
54767945430285,Woodlake Community Day,Woodlake Unified,8,887.1729394851177,10535.528681907872
56105610135780,Phoenix,Ventura County Office of Education,79,196.74727958829675,10517.149829972073
56105615630397,Gateway Community,Ventura County Office of Education,51,196.74727958829675,10517.149829972073
56725460120634,"Architecture, Construction & Engineering Charter High (ACE)",Oxnard Union High,263,196.74727958829675,10517.149829972073
56746175690011,Career Education Center,Ventura County ROP,,196.74727958829675,10517.149829972073
10622406006704,Lincoln Elementary,Kingsburg Elementary Charter,424,,10465.092990546005
27660356089387,Oak Avenue Elementary,Greenfield Union Elementary,644,,10413.138596956836
50755560113852,Riverbank Language Academy,Riverbank Unified,562,,10396.60636172686
10751276006985,Washington Elementary,Mendota Unified,385,,10314.229181366429
54720256054183,Outside Creek Elementary,Outside Creek Elementary,126,581.2109961329047,10303.384646642435
10621666103840,Edison Computech,Fresno Unified,796,127.37874003228563,10243.521124858846
51714640107722,River Valley High,Yuba City Unified,1810,2514.289093634315,10147.309194892354
15634206009419,Di Giorgio Elementary,Di Giorgio Elementary,211,,10061.414996177336
54755316053979,Jefferson Elementary,Dinuba Unified,576,,9997.131268814046
27659616025993,Fremont Elementary,Alisal Union,783,,9987.129694309342
20651936023931,Fairmead Elementary,Chowchilla Elementary,493,2088.989594710076,9979.879260856447
56725536055461,Monte Vista Middle,Pleasant Valley,733,,9974.26728071421
10622651033703,Kings Canyon Continuation,Kings Canyon Joint Unified,174,698.5971993064231,9935.657086250245
42692296045587,Clarence Ruth Elementary,Lompoc Unified,450,4.101548396629284,9876.548725645029
39686763932654,Franklin High,Stockton Unified,2307,16.993267621932688,9855.835940539042
39685020126011,Escalon Charter Academy,Escalon Unified,321,4.1229054782923455,9789.164349680368
39685023930054,Vista High (Continuation),Escalon Unified,48,4.1229054782923455,9789.164349680368
39685023932308,Escalon High,Escalon Unified,798,4.1229054782923455,9789.164349680368
50757396053185,Osborn Two-Way Immersion Academy,Turlock Unified,814,,9724.193763898096
39685930105973,Walter Woodward Elementary,Manteca Unified,906,,9614.714043890572
15638426110340,John L. Prueitt Elementary,Wasco Union Elementary,624,,9602.426189115235
54718606112684,Golden Valley Elementary,Cutler-Orosi Joint Unified,678,0.876576949582434,9548.83325054276
15635786009989,Redwood Elementary,Richland Union Elementary,681,,9439.82917522119
15635786010003,Richland Junior High,Richland Union Elementary,632,,9439.82917522119
15635780135186,Grimmway Academy Shafter,Richland Union Elementary,784,,9422.945819720842
44697990105858,Pajaro Valley High,Pajaro Valley Unified,1562,378.3918481676337,9383.03567790612
52714726066328,Berrendos Middle,Antelope Elementary,255,0.37527740751421435,9187.023643315064
56726525637814,Ventura Adult and Continuing Education,Ventura Unified,,604.326100439786,9111.40150174728
10621661031897,Edison High,Fresno Unified,2428,,9103.203031291026
11626386007504,Plaza Elementary,Plaza Elementary,190,494.2389441553252,9007.225724667818
10622650106815,Thomas Law Reed Elementary,Kings Canyon Joint Unified,582,,8897.104662268073
15635606009690,Mountain View Middle,Lamont Elementary,629,,8858.703799676558
39685850100560,Lois E. Borchardt Elementary,Lodi Unified,754,,8853.20134082326
27661426026587,Monterey Park Elementary,Salinas City Elementary,527,441.6804583796447,8844.639071266445
54718606053938,Palm Elementary,Cutler-Orosi Joint Unified,547,26.43654427834641,8800.176987584431
20652436024020,Millview Elementary,Madera Unified,671,,8785.238282311546
10624140113043,Ronald W. Reagan Elementary,Sanger Unified,515,1349.9232587177305,8763.22148328281
39685856042121,Houston,Lodi Unified,156,92.5782063709452,8742.130352984828
40688336043343,Shandon Elementary,Shandon Joint Unified,188,,8725.855376181864
54718605430095,Esperanza High,Cutler-Orosi Joint Unified,53,563.0032218078213,8699.038061491221
54718605430806,Lovell High,Cutler-Orosi Joint Unified,28,563.0032218078213,8699.038061491221
56725465630066,Frontier High,Oxnard Union High,223,231.5304780904925,8692.627473969138
51714646053409,Lincoln Elementary,Yuba City Unified,484,,8641.732435936
54719025430335,Alila,Earlimart Elementary,415,,8603.132327510171
54722566054563,Elbow Creek Elementary,Visalia Unified,488,192.36305340515187,8601.043813812581
24657556025530,Charleston Elementary,Los Banos Unified,353,1392.4825084548268,8566.036385876128
15633626009260,Buena Vista Elementary,Panama-Buena Vista Union,717,1154.3359862418017,8528.33833251284
04614246111116,Emma Wilson Elementary,Chico Unified,598,,8503.9204276382
20652430123414,Adult Transition Program,Madera Unified,20,,8474.641634962612
27661426026561,Los Padres Elementary,Salinas City Elementary,697,,8439.688562810532
15101570124040,Grimmway Academy,Kern County Office of Education,795,,8438.147615106815
56724626055081,Julien Hathaway Elementary,Hueneme Elementary,473,,8335.36108043419
10739656006951,Roosevelt Elementary,Central Unified,454,,8331.306086502116
27102720116491,Open Door Charter,Monterey County Office of Education,44,,8323.370913208564
27102722730232,Monterey County Home Charter,Monterey County Office of Education,259,,8323.370913208564
27102726069512,Monterey County Special Education,Monterey County Office of Education,271,,8323.370913208564
40687596043087,Ocean View Elementary,Lucia Mar Unified,537,,8261.869275209041
54719446054092,Hope Elementary,Hope Elementary,232,69.46184464161276,8185.5326327970315
27659616113542,Cesar E. Chavez Elementary,Alisal Union,682,,8184.482010016098
44697996049662,Bradley Elementary,Pajaro Valley Unified,496,344.40530841451414,8020.548886774175
40687596043103,Paulding Middle,Lucia Mar Unified,559,,7959.945547708459
10624141036094,Sanger High,Sanger Unified,3579,,7959.106637523577
42692606045751,Lakeview Junior High,Orcutt Union Elementary,469,,7951.78015290306
11625966007454,Lake Elementary,Lake Elementary,187,762.0155477529961,7922.8720631324595
15634386009435,Edison Middle,Edison Elementary,428,,7846.159237286645
40687596043129,Dana Elementary,Lucia Mar Unified,576,,7790.437969240632
39686500128215,Harvest High,Ripon Unified,28,,7786.572767398563
10621170133314,Virginia R. Boris Elementary,Clovis Unified,632,1776.4266075821238,7757.908455224343
42691206046007,Fairlawn Elementary,Santa Maria-Bonita,778,,7726.529232787136
37684523732039,Alta Vista High (Continuation),Vista Unified,122,,7683.516528973311
40687596109342,Mesa Middle,Lucia Mar Unified,458,21.338726891243667,7664.1680084395775
10622400114587,Island Community Day,Kingsburg Elementary Charter,,,7648.155412921637
54722560139212,Creekside Community Day,Visalia Unified,10,2180.8678029326597,7561.736255435195
39685933932001,East Union High,Manteca Unified,1641,,7507.612521932348
39685936104533,Neil Hafley Elementary,Manteca Unified,727,,7507.612521932348
44697990102665,Radcliff Elementary,Pajaro Valley Unified,456,,7480.782200889897
20652430116970,Parkwood Elementary,Madera Unified,635,790.9144611739199,7456.954337654458
39686766042550,Elmwood Elementary,Stockton Unified,719,121.48178657768436,7434.632375993222
50711676052765,Mark Twain Junior High,Modesto City Elementary,738,,7423.288164128485
10624146007124,Fairmont Elementary,Sanger Unified,660,,7385.668814393209
54755230116590,Harmony Magnet Academy,Porterville Unified,511,291.7648143117039,7342.622885564489
54755235434931,Strathmore High,Porterville Unified,334,291.7648143117039,7342.622885564489
50755720117689,Sentinel High,Waterford Unified,43,455.5640267095579,7331.346854727512
50755725030259,Waterford High,Waterford Unified,624,455.5640267095579,7331.346854727512
10739996119978,Liberty Elementary,Kerman Unified,578,,7311.024670053622
10751271030261,Mendota Continuation High,Mendota Unified,33,,7259.556419843452
10751271030725,Mendota Community Day,Mendota Unified,2,,7259.556419843452
40688334037008,Shandon High,Shandon Joint Unified,88,,7144.164317728242
15633130113027,El Camino Real Elementary,Arvin Union,856,,7004.4078836190165
10622650108092,Orange Cove High,Kings Canyon Joint Unified,625,250.28491229466047,6996.915511241744
10622656006746,Citrus Middle,Kings Canyon Joint Unified,596,250.28491229466047,6996.915511241744
27659616101802,Frank Paul Elementary,Alisal Union,658,,6987.399133344522
10739991033422,Enterprise High,Kerman Unified,58,,6962.450511108344
51105120114207,Feather River Academy,Sutter County Office of Education,29,368.45495474927884,6951.502572165235
51105126069454,Sutter County Special Education,Sutter County Office of Education,298,368.45495474927884,6951.502572165235
51746335190012,Tri-County ROP,Tri-County ROP,,368.45495474927884,6951.502572165235
10624146007215,Wilson Elementary,Sanger Unified,437,40.939378679701484,6938.191764283879
15635030101014,McKee Middle,Greenfield Union,1074,,6852.125569608781
15635030120865,Greenfield Community,Greenfield Union,,,6852.125569608781
37684520105882,Foothill Oak Elementary,Vista Unified,476,,6823.724804905215
10621170139766,Janet L. Young Elementary,Clovis Unified,639,367.27426295317383,6816.412359405647
27660926026314,Marina Vista Elementary,Monterey Peninsula Unified,473,,6730.181319837007
27661596118129,La Paz Middle,Salinas Union High,1156,,6624.800786404723
54722566054639,Ivanhoe Elementary,Visalia Unified,562,1827.8771426328958,6608.467744741392
10622656006761,General Grant Middle,Kings Canyon Joint Unified,485,,6531.909615350599
04614246119523,Blue Oak Charter,Chico Unified,271,,6493.783726951099
42691206046023,Tunnell (Martin Luther) Elementary,Santa Maria-Bonita,808,,6492.599505158978
54753256054084,J. E. Hester Elementary,Farmersville Unified,355,,6418.819857769933
50710430127613,Lucas Elementary,Ceres Unified,651,,6401.308262666384
15633136008833,Sierra Vista Elementary,Arvin Union,728,,6198.646190421798
10751276006969,McCabe Elementary,Mendota Unified,960,,6051.096334179481
13631151330133,Southwest High,Central Union High,1902,,6043.474699801562
16639666010508,Lakeside Elementary,Lakeside Union Elementary,235,552.0985269748335,6004.015162595668
43695836118541,Charter School of Morgan Hill,Morgan Hill Unified,649,3553.774178621965,5979.2125217999155
37735516116578,Pacific Rim Elementary,Carlsbad Unified,691,,5930.1201667417545
50755565036850,Riverbank High,Riverbank Unified,746,316.79137279430637,5920.513263440514
43694840123760,Gilroy Prep (a Navigator School),Gilroy Unified,540,,5915.461077549571
43694846098214,South Valley Middle,Gilroy Unified,790,,5915.461077549571
16739321630110,Adelante High,Reef-Sunset Unified,,,5846.46882191885
16739326010573,Kettleman City Elementary,Reef-Sunset Unified,315,,5846.46882191885
30736500116053,Early Childhood Learning Center,Irvine Unified,,4370.848601270201,5828.807166000915
54768366054050,Rocky Hill Elementary,Exeter Unified,548,,5801.3779271002895
51714640100537,Andros Karperos,Yuba City Unified,1045,,5701.529463781695
51714640131367,Yuba City Special Education Preschool,Yuba City Unified,,,5701.464010101548
54753255430210,Farmersville High,Farmersville Unified,725,331.38726319690693,5698.368275332765
15634120100529,Cesar E. Chavez High,Delano Joint Union High,1436,1277.618024882046,5690.890621431538
10621666088942,Sunset Elementary,Fresno Unified,387,47.93162857140531,5688.866691741731
10739656006654,Herndon-Barstow Elementary,Central Unified,627,,5594.4501204970275
54718526053896,Columbine Elementary,Columbine Elementary,181,449.52114311613445,5552.311951172079
20651776023923,Dairyland Elementary,Alview-Dairyland Union Elementary,235,,5525.057197002855
15635786090591,Golden Oak Elementary,Richland Union Elementary,704,,5510.766005828911
04755076003172,Wilson Elementary,Gridley Unified,540,,5502.693518589816
48104884830071,Solano County Juvenile Detention Facility - Evergreen Academy,Solano County Office of Education,17,,5471.604143881486
27660926026256,J. C. Crumpton Elementary,Monterey Peninsula Unified,527,,5463.380141858109
54722566054688,Crestwood Elementary,Visalia Unified,545,,5409.314347826406
13631986008619,Meadows Elementary,Meadows Union Elementary,416,,5394.243563055448
39685856042147,Lawrence Elementary,Lodi Unified,524,,5391.320119566914
58727440112623,Riverside Meadows Intermediate,Plumas Lake Elementary,440,,5354.533409891283
54105466119291,Eleanor Roosevelt Community Learning Center,Tulare County Office of Education,397,255.78002889455217,5320.488210466125
57727100121749,Science & Technology Academy at Knights Landing,Woodland Joint Unified,214,,5244.747110633271
44697990109595,Cesar E. Chavez Middle,Pajaro Valley Unified,554,,5221.865365635504
13631806008593,McCabe Elementary,McCabe Union Elementary,1261,497.322068888532,5213.940128608949
39686760108159,Cesar Chavez High,Stockton Unified,2335,1489.496939200243,5212.409977300504
50755560112573,Adelante High,Riverbank Unified,57,132.04786114331037,5176.8800810383655
50755566052989,Cardozo Middle,Riverbank Unified,508,132.04786114331037,5176.8800810383655
10624306007231,Andrew Jackson Elementary,Selma Unified,667,,5167.449871387368
39754996042881,South/West Park Elementary,Tracy Joint Unified,745,,5162.66541487239
10101086085112,Edison-Bethune Charter Academy,Fresno County Office of Education,456,,5135.431170542177
40688096097349,Los Osos Middle,San Luis Coastal Unified,520,,5116.969630643135
10739996006696,Kerman Middle,Kerman Unified,778,,5044.748884709292
27660846026157,Mission Elementary,Mission Union Elementary,131,617.3183592826513,5037.4523581026015
54753250106021,Freedom Elementary,Farmersville Unified,555,2.4071499505681193,5037.371325059185
39685856042196,Morada Middle,Lodi Unified,730,,5029.106491241945
15635290110999,Frontier High,Kern High,2087,,5017.67618950617
04614246003099,Shasta Elementary,Chico Unified,620,,4969.978798028758
58727690133751,Edward P. Duplex,Wheatland Union High,45,,4965.273484665706
58727695838305,Wheatland Union High,Wheatland Union High,1012,,4965.273484665706
20652430110957,Cesar Chavez Elementary,Madera Unified,724,748.8658131836529,4957.058492414734
15633626009948,Panama Elementary,Panama-Buena Vista Union,672,458.88792306622656,4915.3092947463265
10767781030774,W.E.B. DuBois Public Charter,Washington Unified,348,36.78281252348902,4913.732204630892
51714495130042,Butte View High,Sutter Union High,43,442.9605363856309,4898.873910447872
51714495137500,Sutter High,Sutter Union High,760,442.9605363856309,4898.873910447872
56724626055032,Charles Blackstock Junior High,Hueneme Elementary,1313,,4847.189705152712
20652436023972,Howard Elementary,Madera Unified,455,,4844.976994410891
15633136008817,Haven Drive Middle,Arvin Union,658,,4840.698961176441
13630736008304,Phil D. Swing Elementary,Brawley Elementary,769,,4809.99870158699
42692296045611,La Canada Elementary,Lompoc Unified,597,,4783.274543135026
54718606053904,Cutler Elementary,Cutler-Orosi Joint Unified,616,,4750.448845106571
30736506095137,Venado Middle,Irvine Unified,554,,4735.842505365761
58105870113274,Thomas E. Mathews Community,Yuba County Office of Education,49,,4729.331358843587
39685930108613,Veritas Elementary,Manteca Unified,935,,4716.1863948820865
20652436023949,Dixieland Elementary,Madera Unified,295,631.6058740287639,4688.175021090987
37684526107031,Alamosa Park Elementary,Vista Unified,477,,4545.028196396896
27660356026116,Mary Chapa Academy,Greenfield Union Elementary,703,,4485.791450261589
42691386119804,Oak Valley Elementary,Buellton Union Elementary,359,529.6052558935872,4483.998530604728
39754990102384,Primary Charter,Tracy Joint Unified,386,,4470.013966689428
39754990102392,Millennium Charter,Tracy Joint Unified,529,,4470.013966689428
39754996118665,Discovery Charter,Tracy Joint Unified,370,,4470.013966689428
15634040106575,Harvest Elementary,Delano Union Elementary,349,434.4931325747927,4424.671803875923
15634040112185,La Vina Middle,Delano Union Elementary,486,434.4931325747927,4424.671803875923
10622406006720,Washington Elementary,Kingsburg Elementary Charter,276,,4336.694819854393
56724476054969,Briggs Elementary,Briggs Elementary,224,1144.2671690431596,4335.6508757954425
35675046095202,Spring Grove Elementary,North County Joint Union Elementary,720,,4330.9904730745375
10624146007132,Jackson Elementary,Sanger Unified,383,,4317.473850725665
10622656006878,Washington Elementary,Kings Canyon Joint Unified,347,,4270.674743122522
27662256115182,Buena Vista Middle,Spreckels Union Elementary,317,,4245.453415196469
10624146007108,Centerville Elementary,Sanger Unified,340,404.3561392219275,4238.534112073363
56724626055024,Art Haycox Elementary,Hueneme Elementary,836,,4171.8933100120385
50711750110593,James C. Enochs High,Modesto City High,2391,97.09960445033644,4137.789283458011
15638591536440,Wasco High,Wasco Union High,1765,,4120.940932649639
34674136033708,Walnut Grove Elementary,River Delta Joint Unified,168,,4118.8078538507
30736500129155,Cypress Village Elementary,Irvine Unified,1004,,4108.796117281077
37735696088991,Del Rio Elementary,Oceanside Unified,325,,4102.989066833222
52715716053565,Los Molinos Elementary,Los Molinos Unified,265,,4099.332318702107
27661592734556,Salinas High,Salinas Union High,2668,,4079.777787302995
10621666111249,Edith B. Storey Elementary,Fresno Unified,840,,4051.3340537779054
54755315431184,Dinuba High,Dinuba Unified,2171,,4032.7368621074697
39686760100206,George W. Bush Elementary,Stockton Unified,814,499.35020444499366,4032.414804701701
57727105738802,Woodland Senior High,Woodland Joint Unified,1256,,4020.7999541836225
50755725030317,Connecting Waters Charter,Waterford Unified,980,,4020.3387767805666
50755720117770,Lucille Whitehead Intermediate,Waterford Unified,372,297.45300283845125,3985.803353904491
50755720118513,Richard M. Moon Primary,Waterford Unified,505,297.45300283845125,3985.803353904491
56725616055529,Rio Real Elementary,Rio Elementary,698,,3920.0253746793846
15638346010227,Sunset,Vineland Elementary,306,312.3477651202106,3904.208959059227
39685936042311,French Camp Elementary,Manteca Unified,546,28.610860159221122,3892.1635969854237
50711676052641,Burbank Elementary,Modesto City Elementary,572,,3875.723437037173
10624146117865,Quail Lake Environmental Charter,Sanger Unified,583,,3847.8178593845732
10622651030378,Mountain View (Alternative),Kings Canyon Joint Unified,252,,3844.897794303716
10622651035310,Reedley High,Kings Canyon Joint Unified,1773,,3844.897794303716
39754996108997,Gladys Poet-Christian Elementary,Tracy Joint Unified,529,,3752.8157868683356
51714646053342,April Lane Elementary,Yuba City Unified,454,,3741.485781118435
56725386055297,Harrington Elementary,Oxnard,548,,3728.0082110940666
13632306008650,Westmorland Elementary,Westmorland Union Elementary,355,,3727.7847961183315
39686760115303,Valentine Peyton Elementary,Stockton Unified,832,7.555734133397905,3700.0557154824746
15638426010243,Karl F. Clemens Elementary,Wasco Union Elementary,586,,3694.0748767790615
50710760101493,Norman N. Glick Middle,Empire Union Elementary,617,,3631.9537132441674
10622816006894,Laton Middle,Laton Joint Unified,163,17.737763277730167,3614.7329258271784
10622816006902,Laton Elementary,Laton Joint Unified,309,17.737763277730167,3614.7329258271784
39685936042394,Shasta Elementary,Manteca Unified,761,,3593.9234320759156
27661426026603,Roosevelt Elementary,Salinas City Elementary,508,,3591.9865214089173
50736010124073,Hurd Barrington Elementary,Newman-Crows Landing Unified,424,,3589.4329865861873
30736506100317,Eastshore Elementary,Irvine Unified,527,,3573.5759966102396
42692294233060,Lompoc High,Lompoc Unified,1725,,3568.2682761612787
39754996042832,Central Elementary,Tracy Joint Unified,463,,3560.3767815996107
50736016025753,Von Renner Elementary,Newman-Crows Landing Unified,516,,3548.9777252301637
39685856108856,Beckman Elementary,Lodi Unified,565,40.492492590028554,3544.6177237568877
20651776023865,Alview Elementary,Alview-Dairyland Union Elementary,157,,3531.640473533979
54767946108286,Castle Rock Elementary,Woodlake Unified,462,538.1739805074446,3527.788295172857
50711676052690,Franklin Elementary,Modesto City Elementary,759,,3490.828477755954
54755316054001,Wilson Elementary,Dinuba Unified,560,62.6361987957261,3480.7927492509207
15638426010250,Palm Avenue Middle,Wasco Union Elementary,567,,3440.2724295029016
10621170123869,Roger S. Oraze Elementary,Clovis Unified,820,,3435.483412884611
15638426010268,Thomas Jefferson Middle,Wasco Union Elementary,550,,3420.9109567065707
54720826114672,Richgrove Elementary,Richgrove Elementary,531,,3405.5810839439405
39685936107429,George McParland Elementary,Manteca Unified,1161,,3396.7348396291795
58105875830112,Yuba County Career Preparatory Charter,Yuba County Office of Education,198,,3386.4184246245245
27660356111645,Vista Verde Middle,Greenfield Union Elementary,701,,3350.354992565334
56726526056147,Montalvo Elementary,Ventura Unified,399,,3344.7528266621616
54721570114595,Strathmore Elementary,Strathmore Union Elementary,702,,3324.035176938845
54721576120646,Strathmore Community Day,Strathmore Union Elementary,,,3324.035176938845
54720906054324,Rockford Elementary,Rockford Elementary,323,,3293.052504528901
10624301036672,Selma High,Selma Unified,1806,,3291.93369905889
50755566052971,California Avenue Elementary,Riverbank Unified,598,,3280.2234663234763
50757396053177,Julien Elementary,Turlock Unified,830,,3275.139299543472
54768366110290,Wilson Middle,Exeter Unified,583,,3265.936216827509
10622811033950,Laton High,Laton Joint Unified,140,4.649088049407157,3247.279980172506
27661426109177,Laurel Wood Elementary,Salinas City Elementary,425,,3211.2410185949793
58727366056733,Covillaud Elementary,Marysville Joint Unified,494,,3208.292810459429
39685936042329,Golden West Elementary,Manteca Unified,969,,3177.9156693786745
54755310102707,John F. Kennedy Elementary,Dinuba Unified,516,0.7011855311652087,3093.4800838373617
42692036045520,Kermit McKenzie Intermediate,Guadalupe Union Elementary,563,237.13011127782283,3087.978939868005
04755070433946,Esperanza High (Continuation),Gridley Unified,35,,3061.2088033477507
54755316053995,Washington Intermediate,Dinuba Unified,1019,0.7011855311652087,3053.7447156836433
10624146007181,Madison Elementary,Sanger Unified,475,264.03768174290667,3052.3320894078233
15635606009682,Lamont Elementary,Lamont Elementary,641,,3043.4380072938907
57727106066252,Rhoda Maxwell Elementary,Woodland Joint Unified,386,,3037.327317501473
44697994430245,Diamond Technology Institute,Pajaro Valley Unified,71,,3027.0301338396116
44697996108146,Starlight Elementary,Pajaro Valley Unified,495,,3027.0301338396116
10624306007348,Woodrow Wilson Elementary,Selma Unified,318,,3009.833847508771
49705996051577,Alexander Valley Elementary,Alexander Valley Union Elementary,113,,2980.7700556337836
10624146007165,Lincoln Elementary,Sanger Unified,446,,2968.0418824438675
54722566054647,Mineral King Elementary,Visalia Unified,593,,2930.0466165061066
56725465631619,Adolfo Camarillo High,Oxnard Union High,1977,,2914.3342072598407
57105790113787,Cesar Chavez Community,Yolo County Office of Education,31,,2897.6900477172403
57105796077275,Yolo County Special Education,Yolo County Office of Education,154,,2897.6900477172403
51714156053300,Meridian Elementary,Meridian Elementary,71,,2863.0541987888046
30736500127472,Jeffrey Trail Middle,Irvine Unified,989,,2795.0973337998603
13631726008585,Magnolia Elementary,Magnolia Union Elementary,123,,2793.8081292355755
39685856042139,Lakewood Elementary,Lodi Unified,455,,2786.1982160158036
10624141030824,Community Day,Sanger Unified,28,,2679.2712855696946
43694846047336,Rucker Elementary,Gilroy Unified,563,22.803876814439388,2624.1838999496676
50712170118927,Walnut Grove Elementary,Patterson Joint Unified,580,,2623.625585188156
10624146007207,Washington Academic Middle,Sanger Unified,1474,,2597.646118606653
10741531095017,Valley ROP,Valley ROP,,,2597.646118606653
24658136025779,Plainsburg Union Elementary,Plainsburg Union Elementary,106,,2542.9023018095677
10622656006803,Lincoln Elementary,Kings Canyon Joint Unified,298,,2519.1977243960064
39685856042188,Lockeford Elementary,Lodi Unified,487,,2499.7040955196776
10621660129338,Rutherford B. Gaston Sr. Middle,Fresno Unified,779,,2481.0132207917404
48705406109136,B. Gale Wilson Elementary,Fairfield-Suisun Unified,838,,2470.878759378566
37768510110122,Bonsall West Elementary,Bonsall Unified,418,,2465.194017994186
39685856116594,Aspire Vincent Shalvey Academy,Lodi Unified,437,,2457.292017394776
39685850108209,Ellerth E. Larson Elementary,Lodi Unified,810,,2375.703042931712
43694846047302,Eliot Elementary,Gilroy Unified,513,,2357.840331410238
39685856042055,Davis Elementary,Lodi Unified,351,,2348.302327356761
27661426026538,Henry F. Kammann Elementary,Salinas City Elementary,706,,2344.526337863864
30736506098511,Lakeside Middle,Irvine Unified,601,,2329.6858207549017
57727106056477,Freeman Elementary,Woodland Joint Unified,451,,2293.9302624703296
49753586110993,Mattie Washburn Elementary,Windsor Unified,435,459.2736298289336,2275.7145449999744
13101321330117,Imperial County Juvenile Hall/Community,Imperial County Office of Education,9,,2271.2300140791244
13101326069272,Imperial County Special Education,Imperial County Office of Education,447,,2271.2300140791244
50712900113795,Crossroads Elementary,Sylvan Union Elementary,736,,2266.7030081288526
10624146007157,John S. Wash Elementary,Sanger Unified,741,,2258.350323687445
27661426026595,Natividad Elementary,Salinas City Elementary,658,,2233.687349533314
39685850102640,Millswood Middle,Lodi Unified,778,,2225.5217108548886
13631230122663,Imperial Valley Home School Academy,El Centro Elementary,112,,2224.7215790631503
13631236113658,Sunflower Elementary,El Centro Elementary,393,,2224.7215790631503
39685853934759,Tokay High,Lodi Unified,2069,,2222.6579286077585
10624141030766,Hallmark Charter,Sanger Unified,252,,2208.9487383593523
10624146117873,Sanger Academy Charter,Sanger Unified,622,,2208.9487383593523
43695836098263,Jackson Academy of Music and Math (JAMM),Morgan Hill Unified,616,,2201.647547445035
50712826067250,Prescott Junior High,Stanislaus Union Elementary,758,,2201.5117385647154
42691206045991,El Camino Junior High,Santa Maria-Bonita,769,,2175.623181101249
20652430110965,Madera South High,Madera Unified,2383,17.987661464170426,2145.877103455662
20652432035640,Furman (Duane E.) High (Independent Study Program),Madera Unified,533,17.987661464170426,2145.877103455662
20652436107122,Alpha Elementary,Madera Unified,675,17.98690942188635,2145.873851160146
51714646053441,Tierra Buena Elementary,Yuba City Unified,623,,2129.387006580535
58727440114652,Cobblestone Elementary,Plumas Lake Elementary,435,,2103.68679371097
10622656006829,Navelencia Middle,Kings Canyon Joint Unified,359,,2081.914540236039
27661596058762,El Sausal Middle,Salinas Union High,1051,,2073.4934484267305
15638591530351,Wasco Independence High,Wasco Union High,134,,2070.321131570497
50105040131235,John B Allard,Stanislaus County Office of Education,105,,2055.977669496433
20102072030229,Pioneer Technical Center,Madera County Superintendent of Schools,258,,2044.1594171954764
51714645130125,Yuba City Charter,Yuba City Unified,261,,2037.359758488191
39685936109532,Stella Brockman Elementary,Manteca Unified,743,,2037.1642733445947
17769761737006,Upper Lake High,Upper Lake Unified,353,,2028.7192087922917
10621666088546,King Elementary,Fresno Unified,582,,2028.5109919526794
50710430133827,Ceres Special Education,Ceres Unified,27,,1977.2205827056102
50710435030200,Argus High (Continuation),Ceres Unified,182,,1977.2205827056102
50710436052450,Walter White Elementary,Ceres Unified,390,,1977.2205827056102
10621666112882,Elizabeth Terronez Middle,Fresno Unified,590,,1965.3628384447954
56726526097034,Portola Elementary,Ventura Unified,519,0.1697500086831704,1952.5246047388212
37684526107577,Roosevelt Middle,Vista Unified,785,,1949.7338379434063
54719936054159,Washington Elementary,Lindsay Unified,704,,1931.8267160048167
10621176005920,Temperance-Kutner Elementary,Clovis Unified,591,,1922.0585414084487
54755316053987,Lincoln Elementary,Dinuba Unified,611,,1906.8385860113524
56726526116040,Citrus Glen Elementary,Ventura Unified,480,,1835.9502082777724
15634046117915,Morningside,Delano Union Elementary,473,,1811.8634151901283
10624306007314,Theodore Roosevelt Elementary,Selma Unified,618,,1802.4856368368828
13631236008411,De Anza Magnet,El Centro Elementary,568,,1786.2519629878589
13631236008460,Margaret Hedrick Elementary,El Centro Elementary,434,,1786.2519629878589
15635290116392,Independence High,Kern High,2314,,1772.2587312988849
27661426026546,Lincoln Elementary,Salinas City Elementary,535,,1747.7610212527838
15634046009369,Del Vista Math and Science Academy,Delano Union Elementary,436,,1742.1718618961108
34674130107383,River Delta Community Day,River Delta Joint Unified,,,1729.1965547927857
34674133430550,Mokelumne High (Continuation),River Delta Joint Unified,4,,1729.1965547927857
40687594033205,Lopez Continuation High,Lucia Mar Unified,123,,1719.9356477159668
50710766111892,Alice N. Stroud Elementary,Empire Union Elementary,444,,1682.416182056863
54767945436282,Woodlake High,Woodlake Unified,678,2.457704739783405,1618.8023879448654
54767946054761,Woodlake Valley Middle,Woodlake Unified,463,2.457704739783405,1618.8023879448654
51713576053235,Brittan Elementary,Brittan Elementary,452,,1591.6123150463243
17769766010680,Upper Lake Elementary,Upper Lake Unified,377,,1580.0590254865713
54722566054597,Goshen Elementary,Visalia Unified,503,,1538.9278296417808
51713996053284,Luther Elementary,Live Oak Unified,755,,1534.0601711690636
10624301030758,Selma Independent,Selma Unified,299,,1507.3759220759782
10624301036607,Heartland High (Continuation),Selma Unified,59,,1507.3759220759782
16639176118798,Joseph M. Simas,Hanford Elementary,513,,1505.5821092147744
54719930124776,Loma Vista Charter,Lindsay Unified,33,,1461.44674935611
54719935430194,John J. Cairns Continuation,Lindsay Unified,68,,1461.44674935611
54719935430236,Lindsay Community Day,Lindsay Unified,8,,1461.44674935611
50710430109090,Sinclear Elementary,Ceres Unified,635,,1428.157140263223
50757395037700,Turlock High,Turlock Unified,2512,,1426.7180445140793
10622656006845,Sheridan Elementary,Kings Canyon Joint Unified,421,,1425.5274115270943
52715715235106,Los Molinos High,Los Molinos Unified,207,,1424.492974756356
27660926058713,Los Arboles Middle,Monterey Peninsula Unified,390,,1422.6174071708024
50712176052948,Las Palmas Elementary,Patterson Joint Unified,677,,1419.868334197594
15633620136713,Dolores S. Whitley Elementary,Panama-Buena Vista Union,872,,1402.2599174677175
30667466030886,Sequoia Elementary,Westminster,422,,1393.0915476681284
48705406051148,E. Ruth Sheldon Academy of Innovative Learning,Fairfield-Suisun Unified,487,,1384.5082566903216
50712330121525,Roberts Ferry Charter School Academy,Roberts Ferry Union Elementary,46,,1321.302435292527
50712336053011,Roberts Ferry Union Elementary,Roberts Ferry Union Elementary,112,,1321.302435292527
56725460115105,Camarillo Academy of Progressive Education,Oxnard Union High,563,,1317.5279393948754
57727026095368,Winters Middle,Winters Joint Unified,328,,1313.2386483651371
15635291530385,Ridgeview High,Kern High,2810,,1281.0682534235748
06616146003511,Arbuckle Elementary,Pierce Joint Unified,603,,1279.02488514692
17769766108773,Upper Lake Middle,Upper Lake Unified,163,,1267.3412766412478
13631316008502,Heber Elementary,Heber Elementary,668,,1250.534738798613
15635290100198,Golden Valley High,Kern High,2751,,1240.3164772775476
27661592733178,North Salinas High,Salinas Union High,2104,,1226.59620757192
04614240110551,Nord Country,Chico Unified,201,32.606841282166876,1211.8517173038902
39685026041784,Collegeville Elementary,Escalon Unified,150,,1194.7692951812546
48705326120240,Gretchen Higgins Elementary,Dixon Unified,378,,1190.3175894078374
54719936054142,Jefferson Elementary,Lindsay Unified,411,,1167.8018684221863
54768366054043,Lincoln Elementary,Exeter Unified,513,,1151.977144075197
54768365431598,Exeter Union High,Exeter Unified,864,,1135.3557692833047
54768365430087,Exeter Independent Study (Alternative),Exeter Unified,86,,1135.3557692833044
10621666006076,Aynesworth Elementary,Fresno Unified,558,,1131.89708690715
10767786006605,West Fresno Elementary,Washington Unified,633,,1127.5914413412436
04755076003156,McKinley Elementary,Gridley Unified,331,,1122.477563867009
13630990118364,Calexico Community Day,Calexico Unified,,,1116.9322862727558
13630996106975,Blanche Charles Elementary,Calexico Unified,801,,1113.3434986080388
13630811330141,Renaissance,Brawley Union High,20,,1105.568251946593
13630811331354,Desert Valley High (Continuation),Brawley Union High,183,,1105.568251946593
39685936042337,Lathrop Elementary,Manteca Unified,841,,1095.1889944780128
10767786006613,West Fresno Middle,Washington Unified,318,,1091.9298214537168
27102722730265,Salinas Community,Monterey County Office of Education,110,,1056.8990440304603
27102722730117,"Wellington M. Smith, Jr.",Monterey County Office of Education,43,,1056.8989194090304
04755076003164,Sycamore Middle,Gridley Unified,455,,1030.3738601520708
43694840114496,Dr. TJ Owens Gilroy Early College Academy,Gilroy Unified,289,,1018.3674830441978
39686760111344,Wilhelmina Henry Elementary,Stockton Unified,892,,1009.431554630474
39686766115422,Rio Calaveras Elementary,Stockton Unified,808,,1002.4227219683837
24753172431203,Dos Palos High,Dos Palos Oro Loma Joint Unified,644,,995.471697155805
15101570119669,Wonderful College Prep Academy,Kern County Office of Education,1974,,972.6329806886952
49707060129981,Geyserville New Tech Academy,Geyserville Unified,108,,968.738164919568
49707064930053,Buena Vista High,Geyserville Unified,9,,968.738164919568
56725465632849,Hueneme High,Oxnard Union High,2410,,960.5082125392142
15633706009278,Buttonwillow Elementary,Buttonwillow Union Elementary,322,,955.7703158391594
13630996111587,William Moreno Junior High,Calexico Unified,656,,940.4042915378069
54767945436258,Bravo Lake High,Woodlake Unified,32,,933.6206788146122
54767946094569,Francis J. White Learning Center,Woodlake Unified,427,,933.6206788146122
15636936009914,Norris Elementary,Norris Elementary,879,,926.4168509083352
39685026041800,Farmington Elementary,Escalon Unified,95,,919.5900904433925
58727516056816,Bear River,Wheatland,568,,887.2978640321346
58727690123570,Wheatland Community Day High,Wheatland Union High,5,,887.2978640321346
44697996049696,Freedom Elementary,Pajaro Valley Unified,523,,885.6631101625776
54722566092795,Linwood Elementary,Visalia Unified,528,,854.9073398304294
54722566112049,La Joya Middle,Visalia Unified,777,,854.9073398304294
13630736008296,Myron D. Witter Elementary,Brawley Elementary,802,,851.9321375411346
15634121531656,Valley High,Delano Joint Union High,55,,847.7349852446501
15634121531672,Delano High,Delano Joint Union High,1323,,847.7349852446501
42691386045280,Jonata Middle,Buellton Union Elementary,189,,828.4360655543928
34674136033641,Bates Elementary,River Delta Joint Unified,90,,817.4795032048467
11765626007447,Hamilton Elementary,Hamilton Unified,412,65.41100634968821,812.3503614706125
50711676052633,Bret Harte Elementary,Modesto City Elementary,834,,798.0442360872024
16639746010532,Meadow Lane Elementary,Lemoore Union Elementary,510,,793.5661839431731
33672156032577,Emerson Elementary,Riverside Unified,611,62.85032346189664,789.0421162166267
39685850139261,Valley Robotics Academy,Lodi Unified,452,,774.7231379593946
39685850122879,Walter J. Katnich Community Day,Lodi Unified,,,774.7231101365893
39685850132837,Henderson,Lodi Unified,27,,774.7231101365893
39685853930344,Independence,Lodi Unified,527,,774.7231101365893
44697990102673,Landmark Elementary,Pajaro Valley Unified,443,,774.4174045605167
44697994430203,New School Community Day,Pajaro Valley Unified,36,,774.4174045605167
54719930123661,Reagan Elementary,Lindsay Unified,359,,754.2667915877358
34322763931250,Johanna Boss High,California Education Authority (CEA) Headquarters,28,,753.3260643306172
34322763990025,N.A. Chaderjian High,California Education Authority (CEA) Headquarters,102,,753.3260643306172
48705326110282,Tremont Elementary,Dixon Unified,398,,749.5983715353104
42750106045389,Cuyama Elementary,Cuyama Joint Unified,120,,749.2418124302634
50712175036256,Patterson High,Patterson Joint Unified,1829,,725.6886545633884
44697996049787,Rolling Hills Middle,Pajaro Valley Unified,621,,712.6286134941382
50711676052799,Robertson Road Elementary,Modesto City Elementary,336,,712.5548803853142
50711676105670,Harriette Kirschen Elementary,Modesto City Elementary,505,,712.5548803853142
50712906111017,Elizabeth Ustach Middle,Sylvan Union Elementary,993,,700.3105654956006
58727286115935,CORE Charter,Camptonville Elementary,470,,698.4949293626074
56726526056097,Juanamaria Elementary,Ventura Unified,417,,691.5349405095025
54722316108385,Live Oak Middle,Tulare City,377,,682.9019597003735
39686766042519,August Elementary,Stockton Unified,588,,677.0058566901049
50710436112346,Blaker-Kinser Junior High,Ceres Unified,643,,658.6459595464261
37103710138404,Classical Academy Vista,San Diego County Office of Education,643,,629.7767822304055
54718605430244,Cutler-Orosi Community Day,Cutler-Orosi Joint Unified,12,,623.0745652166585
13631230118455,Ballington Academy for the Arts and Sciences,El Centro Elementary,211,,611.150471582655
37768516037543,Bonsall Elementary,Bonsall Unified,867,,577.2039380721973
50755646052906,Oakdale Junior High,Oakdale Joint Unified,795,,560.102344534341
33672153334406,John W. North High,Riverside Unified,2227,,551.4667071526062
54768365430319,Exeter Community Day,Exeter Unified,1,,540.0262374887346
54768365431614,Kaweah High,Exeter Unified,38,,540.0262374887346
39685936042345,Lincoln Elementary,Manteca Unified,624,,539.9611634738386
04614240120394,Inspire School of Arts and Sciences,Chico Unified,414,,528.6416582459523
04614240431676,Chico High,Chico Unified,1913,,528.6416582459523
10624306007298,James Garfield Elementary,Selma Unified,225,,521.3126579474499
30664496027478,Olinda Elementary,Brea-Olinda Unified,635,,509.91595200007293
30666476030035,Golden Elementary,Placentia-Yorba Linda Unified,759,,509.91595200007293
30666476089478,George Key,Placentia-Yorba Linda Unified,128,,509.91595200007293
37735510127423,Sage Creek High,Carlsbad Unified,1451,,489.1445821781733
11765621130053,Ella Barkley High,Hamilton Unified,9,,487.87527428156125
11765621133701,Hamilton High,Hamilton Unified,288,,487.87527428156125
50711676110068,Evelyn Hanshaw Middle,Modesto City Elementary,746,,482.53457055989315
37735516099352,Kelly Elementary,Carlsbad Unified,448,,454.6568032560442
37683876070882,Solana Vista Elementary,Solana Beach Elementary,297,,452.2317692925004
49753586052369,Cali Calmecac Language Academy,Windsor Unified,1154,,440.16136055978103
16639900116699,Frontier Elementary,Pioneer Union Elementary,475,,438.7095567584888
56725460131698,Rancho Campana High,Oxnard Union High,828,,433.0436961891155
50755640107979,Sierra View Elementary,Oakdale Joint Unified,642,,424.7616244456142
28662902837102,Saint Helena High,Saint Helena Unified,463,,407.09475013294855
50712826098297,George Eisenhut Elementary,Stanislaus Union Elementary,530,,403.5704370312617
42772060138370,Olive Grove Charter - Lompoc,SBE - Olive Grove Charter - Lompoc,98,,385.2999998997817
51714646053391,King Avenue Elementary,Yuba City Unified,352,,369.2448628119458
15634046009351,Cecil Avenue Math and Science Academy,Delano Union Elementary,566,,367.3385583402694
42750104230173,Sierra Madre High (Continuation),Cuyama Joint Unified,,,365.5801728411148
42750104231205,Cuyama Valley High,Cuyama Joint Unified,52,,365.5801728411148
56724476054977,Olivelands Elementary,Briggs Elementary,243,,357.43340407184184
54722560101857,Oak Grove Elementary,Visalia Unified,752,124.16009672244557,353.66646900000296
10754086007090,Fipps Primary,Riverdale Joint Unified,386,,347.2612732781262
50757396102743,Walter M. Brown Elementary,Turlock Unified,620,,343.0436769460164
54722560116517,Manuel F. Hernandez,Visalia Unified,693,102.44635045681656,335.79103967428426
42692296068902,Miguelito Elementary,Lompoc Unified,594,,332.15988471864625
50711755030135,Peter Johansen High,Modesto City High,1922,,328.92254290457254
54722566054704,Annie R. Mitchell,Visalia Unified,731,0.6774781353012702,325.463679795894
58727360119362,Edgewater Elementary,Marysville Joint Unified,504,,320.8511487077217
30736506120141,Oak Creek Elementary,Irvine Unified,853,,318.11278204995506
39686356042444,Oak View Elementary,Oak View Union Elementary,371,,311.3074659949978
39685696095210,Mable Barron,Lincoln Unified,662,,304.8897410087788
30666470109678,Lakeview Elementary,Placentia-Yorba Linda Unified,404,,298.2568117482331
52714720134403,Lassen-Antelope Volcanic Academy (LAVA),Antelope Elementary,99,,287.8807241022826
16639176010425,Monroe Elementary,Hanford Elementary,655,,287.30657003651146
28662660108605,Stone Bridge,Napa Valley Unified,269,,277.2054569598482
58105876069249,Yuba County Special Education,Yuba County Office of Education,165,,261.83322254749913
25735936025894,Tulelake Basin Elementary,Tulelake Basin Joint Unified,230,,258.15984463029855
10621176120091,Freedom Elementary,Clovis Unified,712,165.23845276015678,249.8588040000043
10621170111153,Reagan Elementary,Clovis Unified,682,,249.8588040000043
10621171030683,Clovis East High,Clovis Unified,2733,,249.8588040000043
10621176109243,Red Bank Elementary,Clovis Unified,768,,249.8588040000043
10621176116321,Reyburn Intermediate,Clovis Unified,1516,,249.8588040000043
10624141030451,Taft High,Sanger Unified,483,,232.3143364687375
10624141036086,Kings River High (Continuation),Sanger Unified,62,,232.3143364687375
33672156032692,Longfellow Elementary,Riverside Unified,652,,229.64577041474715
56768286055552,Blanchard Elementary,Santa Paula Unified,272,,225.78972833990267
16638756010276,Armona Elementary,Armona Union Elementary,526,,218.11377758034016
52105206069462,Tehama County Special Education,Tehama County Department of Education,47,,216.84991798627308
54755236054266,Pioneer Middle,Porterville Unified,757,,211.06875626936102
54755236054282,Vandalia Elementary,Porterville Unified,585,,211.06875626936102
27659616106959,Virginia Rocca Barton Elementary,Alisal Union,579,,208.73677751739865
10739650113993,Harvest Elementary,Central Unified,864,,207.849212999998
10739650123943,Glacier Point Middle,Central Unified,853,,207.849212999998
10739650140509,Justin Garza High,Central Unified,1083,,207.849212999998
54722566054654,Mountain View Elementary,Visalia Unified,514,,205.0130431152173
48705320122267,Dixon Montessori Charter,Dixon Unified,438,,199.20223981956977
48705326051023,John Knight Middle,Dixon Unified,611,,199.20223981956977
58727366056667,Cordua Elementary,Marysville Joint Unified,56,17.282320038509102,193.3956605801953
28662906117964,Saint Helena Primary,Saint Helena Unified,201,,185.86825383113637
16639746118590,Cinnamon Elementary,Lemoore Union Elementary,492,,185.17805747914886
54722560133819,Ridgeview Middle,Visalia Unified,857,,176.09345873894165
52105206119606,Lincoln Street,Tehama County Department of Education,91,,173.49013222964223
52743105295019,Tehama County ROP,Tehama County ROP,,,173.49013222964223
11765621130111,Hamilton Community Day,Hamilton Unified,,,164.81497955082355
54722566107536,Pinkham Elementary,Visalia Unified,447,,164.20228500000422
57727106056444,Beamer Elementary,Woodland Joint Unified,495,,163.48641557636265
56725386111850,R.J. Frank Academy of Marine Science & Engineering,Oxnard,1102,,159.80508379750194
54722560125708,Shannon Ranch Elementary,Visalia Unified,589,,153.68294243851233
54722316054472,Frank Kohn Elementary,Tulare City,622,,137.60236668856834
50712175030127,Del Puerto High,Patterson Joint Unified,102,,137.24801840811702
50712176052955,Northmead Elementary,Patterson Joint Unified,689,,137.24801840811702
35674700115428,Hollister Dual Language Academy,Hollister,833,,124.41689654226998
35674706112320,Maze Middle,Hollister,546,,124.41689654226998
35674706114557,Gabilan Hills,Hollister,,,124.41689654226998
27660682730174,Greenfield High,South Monterey County Joint Union High,1396,,120.09517599783823
43694846111785,Brownell Middle,Gilroy Unified,749,,119.95389475359318
04614080430827,Biggs High,Biggs Unified,177,,119.24089559839192
04614086002943,Biggs Elementary,Biggs Unified,357,,119.24089559839192
04614086002950,Richvale Elementary,Biggs Unified,40,,119.24089559839192
16639250118919,Sierra Pacific High,Hanford Joint Union High,1010,,112.56881697323192
58105875830047,Harry P B Carden,Yuba County Office of Education,14,,112.1089283999174
15634046111355,Princeton Street Elementary,Delano Union Elementary,362,,107.08023025319314
39685850122580,Rio Valley Charter,Lodi Unified,779,,101.96036816051749
10621176005847,Cole Elementary,Clovis Unified,669,14.875626832935048,99.58074749999983
10621660114553,University High,Fresno Unified,487,12.285012957019026,97.89324860665404
50711676052773,James Marshall Elementary,Modesto City Elementary,683,,89.67161489254423
16639170110981,Hamilton Elementary,Hanford Elementary,409,,87.4504420385586
35752596035117,San Juan,Aromas - San Juan Unified,356,21.75175375194661,85.39617449999578
52716395237201,Red Bluff High,Red Bluff Joint Union High,1541,,82.88714475203196
56726526056154,Mound Elementary,Ventura Unified,524,,81.90989556131674
27661756026637,San Ardo Elementary,San Ardo Union Elementary,93,,74.51331136817504
56725536055404,Dos Caminos Elementary,Pleasant Valley,288,,72.06118059055277
41688906043624,El Granada Elementary,Cabrillo Unified,308,,67.92134875496717
20652012032357,Chowchilla Union High,Chowchilla Union High,1090,,65.52437231239192
20652012030047,Gateway High (Continuation),Chowchilla Union High,48,,65.52373971804234
20652432035707,Madera High,Madera Unified,1939,,59.758106423171135
56725536055396,Camarillo Heights Elementary,Pleasant Valley,418,,58.238693929208644
39685936120505,George Y. Komure Elementary,Manteca Unified,772,,57.23429065257733
27754736026090,Fairview Middle,Gonzales Unified,464,,56.64097967561713
27754736066955,La Gloria Elementary,Gonzales Unified,867,,56.64097967561713
56725536055438,Las Posas Elementary,Pleasant Valley,432,,54.926381030747024
37771560137323,Vista Springs Charter,SBE - Vista Springs Charter,217,,52.944540724028435
27659956026082,Chualar Elementary,Chualar Union,281,1.4568218498246794,52.242858910722205
16101651630102,J. C. Montgomery,Kings County Office of Education,23,,51.80354801744186
10739656115521,Norman Liddell Elementary,Central Unified,647,,50.29179276063322
39686766116115,San Joaquin Elementary,Stockton Unified,737,,48.47496663975149
56725536055412,Pleasant Valley School of Engineering and Arts,Pleasant Valley,542,,43.51575527131151
57726786066245,Ralph Waldo Emerson Junior High,Davis Joint Unified,494,,41.70823016032368
54722566054720,Washington Elementary,Visalia Unified,265,,39.744907852150185
54722560139105,Denton Elementary,Visalia Unified,546,,38.47801809831812
39686766042618,Harrison Elementary,Stockton Unified,623,,37.50585468453571
16101656069298,Kings County Special Education,Kings County Office of Education,303,,34.37720406094607
16639176010409,Lee Richmond Elementary,Hanford Elementary,412,,34.37720406094607
16639176112379,John F. Kennedy Junior High,Hanford Elementary,554,,34.37720406094607
54722566116909,Charter Home School Academy,Visalia Unified,140,,33.01315572184587
56726526060370,Balboa Middle,Ventura Unified,1141,,31.248744888838413
16638756010284,Parkview Middle,Armona Union Elementary,420,,29.38983274513417
57726786110894,Patwin Elementary,Davis Joint Unified,386,,28.274122380093996
33672156059158,University Heights Middle,Riverside Unified,796,,25.392537886059717
10739656006944,McKinley Elementary,Central Unified,688,,24.830659208780087
54722565435839,Sequoia High,Visalia Unified,422,,23.58889537007546
35103553530037,San Benito County Opportunity,San Benito County Office of Education,26,,18.39661938483398
35675383530029,San Andreas Continuation High,San Benito High,68,,18.39661938483398
54722310113639,Mission Valley Elementary,Tulare City,833,,16.737549334128076
25735932530087,Tulelake Continuation High,Tulelake Basin Joint Unified,,,15.216731617260141
25735934737250,Tulelake High,Tulelake Basin Joint Unified,199,,15.216731617260141
57726786056303,Robert E. Willett Elementary,Davis Joint Unified,482,,14.897963394662703
37684523730728,Rancho Buena Vista High,Vista Unified,2027,,13.420662936120351
10621176005938,Weldon Elementary,Clovis Unified,575,,12.091817542176043
16639176010433,Roosevelt Elementary,Hanford Elementary,498,,11.192349674948066
56725386055347,Marina West Elementary,Oxnard,509,,9.571934904585643
49753586052351,Windsor Middle,Windsor Unified,736,,9.006172984518415
56105616069231,Ventura County Special Education,Ventura County Office of Education,324,,7.636750395867143
11754811130012,North Valley High (Continuation),Orland Joint Unified,21,,6.623689461820378
57726786056295,Cesar Chavez Elementary,Davis Joint Unified,518,,6.455218651114103
54105460125542,Sycamore Valley Academy,Tulare County Office of Education,388,,5.504167257899016
52716216053623,Bidwell Elementary,Red Bluff Union Elementary,402,,5.079794535656469
52716216114250,Red Bluff Community Day,Red Bluff Union Elementary,,,5.079794535656469
10621666006548,Vinland Elementary,Fresno Unified,467,,4.668198597632549
37684376040562,Vallecitos Elementary,Vallecitos Elementary,178,,4.223453930748153
37735516037782,Jefferson Elementary,Carlsbad Unified,448,,4.12638781434517
15637506110431,Del Rio Elementary,Rosedale Union Elementary,566,,4.081768081282004
33672156032536,Alcott Elementary,Riverside Unified,649,,3.783332692859893
39686766042576,Fillmore Elementary,Stockton Unified,621,,3.397683649967658
16747081690015,Kings County ROP,Kings County ROP,,,3.2398310006743123
33672156032635,Highland Elementary,Riverside Unified,613,,2.524550024437321
10621176005904,Sierra Vista Elementary,Clovis Unified,484,,2.3669085745609206
16639176113609,Martin Luther King Jr. Elementary,Hanford Elementary,608,,1.6894595178158343
54720580111740,Buena Vista Community Day,Pleasant View Elementary,,,1.0891656495818933
54720586054217,Pleasant View Elementary,Pleasant View Elementary,426,,1.0891656495818933
39686766042758,Roosevelt Elementary,Stockton Unified,357,,0.49332241978215485
16639251630169,Hanford West High,Hanford Joint Union High,1330,,0.3128528855828178
54722566054605,Green Acres Middle,Visalia Unified,716,,0.2335771801961325
39685856042097,George Washington Elementary,Lodi Unified,374,,0.18585967910683704
56725796055537,Santa Clara Elementary,Santa Clara Elementary,55,,0.011660844373078147
